quote,author
"I’m not lazy, I’m just on energy-saving mode.",Anonymous
Common sense is like deodorant. The people who need it most never use it.,Bill Murray
Life is short. Smile while you still have teeth.,Mallory Hopkins
I put my phone down for two minutes and… 27 notifications. Am I famous yet?,Internet User
"When nothing goes right, go left.",Meme Wisdom
"The early bird can have the worm, because worms are gross and mornings are stupid.",Garfield
"I’m multitasking: I can listen, ignore, and forget at the same time.",Anonymous
That moment when you finish Netflix. All of it.,Meme Legend
Running late is my cardio.,Carrie Bradshaw
Calories: tiny creatures that live in your closet and sew your clothes tighter at night.,Meme Internet
Monday is proof that time travel exists — I swear it was Friday 5 minutes ago.,Office Worker
I wish my bank account grew as fast as my laundry pile.,Adulting Problems
"Silence is golden… unless you have kids, then silence is suspicious.",Parenting 101
"I need a six-month vacation, twice a year.",Meme Overlord
"I used to think I was indecisive, but now I’m not too sure.",Meme Philosopher
"I don’t trip, I do random gravity checks.",Internet Humor
Behind every great man is a woman rolling her eyes.,Jim Carrey
"I followed my heart, and it led me to the fridge.",Meme Gourmet
Running out of data is the modern version of running out of oxygen.,Digital Survivor
Sarcasm: my brain’s natural defense against stupidity.,Meme Scholar
"Vodka may not be the answer, but it’s worth a shot.",Meme Bartender
Why fall in love when you can fall asleep?,Meme Romantic
"I’d lose weight, but I don’t like losing.",Meme Fitness Coach
Of course I talk to myself. Sometimes I need expert advice.,Meme Guru
"I’m not arguing, I’m just explaining why I’m right.",Meme Lawyer
"My WiFi went down for five minutes, so I had to talk to my family. They seem like nice people.",Meme Teenager
"Life happens, coffee helps.",Meme Barista
The fridge is a magical place where I go to remember what I forgot to buy.,Meme Shopper
Relationship status: made dinner for two. Ate both.,Meme Chef
"If sleep is so important, why does school start so early?",Meme Student
Be strong… I whispered to my WiFi signal.,Meme Millennial
Don’t worry if plan A fails. There are 25 more letters.,Meme Optimist
Sometimes I just look at my paycheck and laugh.,Meme Employee
Stressed spelled backwards is desserts. Coincidence? I think not.,Meme Foodie
"I don’t need a hair stylist, my pillow gives me a new style every morning.",Meme Sleeper
"Save water, drink coffee.",Meme Eco-Friendly
"I’m not clumsy, I’m just testing gravity repeatedly.",Meme Scientist
"Love is blind, but marriage is a real eye-opener.",Pauline Thomason
"If Cinderella’s shoe fit perfectly, why did it fall off?",Meme Philosopher
Some people just need a high-five. In the face. With a chair.,Meme Savage
"I clean when I’m angry. Which means my house is a mess, but I’m calm.",Meme Zen Master
Being an adult is basically walking around wondering what you forgot.,Meme Grown-Up
"I’d agree with you, but then we’d both be wrong.",Meme Joker
Exercise? I thought you said extra fries.,Meme Snack Lover
I’m not lazy. I’m highly motivated to do nothing.,Meme Procrastinator
"That awkward moment when you can’t hear someone, so you just keep smiling and nodding.",Meme Introvert
"My bed and I love each other, but my alarm clock doesn’t want us together.",Meme Sleeper
Don’t quit your daydream.,Meme Dreamer
Brains are awesome. I wish everybody had one.,Meme Savage
"Life’s too short to be serious all the time. So if you can’t laugh at yourself, call me and I’ll do it for you.",Meme Friend
